{"cameraMode":{"drawMode":0,"name":"Shaded","section":"Shading Mode"},"sceneLighting":false,"audioPlay":false,"sceneViewState":{"m_AlwaysRefresh":false,"showFog":true,"showSkybox":false,"showFlares":true,"showImageEffects":true,"showParticleSystems":true,"showVisualEffectGraphs":true,"m_FxEnabled":true},"in2DMode":false,"pivot":{"x":0.007211804389953613,"y":-0.02889794111251831,"z":0.641507625579834},"rotation":{"x":0.08916589617729187,"y":-0.8724977970123291,"z":0.17368823289871217,"w":0.4479250907897949},"size":1.1376261711120606,"orthographic":false}