{"cameraMode":{"drawMode":0,"name":"Shaded","section":"Shading Mode"},"sceneLighting":false,"audioPlay":false,"sceneViewState":{"m_AlwaysRefresh":false,"showFog":true,"showSkybox":false,"showFlares":true,"showImageEffects":true,"showParticleSystems":true,"showVisualEffectGraphs":true,"m_FxEnabled":true},"in2DMode":false,"pivot":{"x":0.1325143575668335,"y":0.1831088662147522,"z":0.37069547176361086},"rotation":{"x":0.057952459901571277,"y":-0.9084916114807129,"z":0.13451941311359406,"w":0.3914029598236084},"size":0.9539692401885986,"orthographic":false}