{"cameraMode":{"drawMode":0,"name":"Shaded","section":"Shading Mode"},"sceneLighting":true,"audioPlay":false,"sceneViewState":{"m_AlwaysRefresh":false,"showFog":true,"showSkybox":true,"showFlares":true,"showImageEffects":true,"showParticleSystems":true,"showVisualEffectGraphs":true,"m_FxEnabled":true},"in2DMode":false,"pivot":{"x":191.0524444580078,"y":323.0507507324219,"z":-0.6261444091796875},"rotation":{"x":0.001499992678873241,"y":-0.0029999923426657917,"z":0.000004499991518969182,"w":0.9999943375587463},"size":91.78532409667969,"orthographic":false}