{"cameraMode":{"drawMode":0,"name":"Shaded","section":"Shading Mode"},"sceneLighting":true,"audioPlay":false,"sceneViewState":{"m_AlwaysRefresh":false,"showFog":true,"showSkybox":true,"showFlares":true,"showImageEffects":true,"showParticleSystems":true,"showVisualEffectGraphs":true,"m_FxEnabled":true},"in2DMode":false,"pivot":{"x":-3.9248242378234865,"y":7.365367889404297,"z":-5.030570983886719},"rotation":{"x":-0.12535421550273896,"y":-0.16674774885177613,"z":0.021341117098927499,"w":-0.9777856469154358},"size":1.914315104484558,"orthographic":false}