{"cameraMode":{"drawMode":0,"name":"Shaded","section":"Shading Mode"},"sceneLighting":false,"audioPlay":false,"sceneViewState":{"m_AlwaysRefresh":false,"showFog":true,"showSkybox":false,"showFlares":true,"showImageEffects":true,"showParticleSystems":true,"showVisualEffectGraphs":true,"m_FxEnabled":true},"in2DMode":false,"pivot":{"x":0.4887027144432068,"y":0.14866161346435548,"z":0.6324827671051025},"rotation":{"x":0.20237025618553163,"y":-0.04551975801587105,"z":0.009417313151061535,"w":0.9782117605209351},"size":1.1261646747589112,"orthographic":false}